tier,seed,final_entropy,ritual_strength,ritual_streak,target_rate,algorithm,condition,schedule,curiosity,interval,dqn_variant,a2c_variant
A,0,0.4414636490626619,0.9,71,0.865,Qlearning,noncontingent,,,,,
A,1,0.5438390306271098,0.8666666666666667,111,0.01,Qlearning,noncontingent,,,,,
A,2,0.34588299927604566,0.7,75,0.06,Qlearning,noncontingent,,,,,
A,3,0.3930919996233464,0.9666666666666667,80,0.985,Qlearning,noncontingent,,,,,
A,4,0.40246071552831736,1.0,80,0.0,Qlearning,noncontingent,,,,,
A,5,0.7184188264306478,0.5333333333333333,100,0.635,Qlearning,noncontingent,,,,,
A,6,0.5587934750841722,0.6666666666666666,68,0.045,Qlearning,noncontingent,,,,,
A,7,0.6487706980648904,1.0,137,0.965,Qlearning,noncontingent,,,,,
A,0,0.21693055975227896,1.0,11772,0.95,Qlearning,contingent,,,,,
A,1,0.28015565763777117,1.0,11748,0.98,Qlearning,contingent,,,,,
A,2,0.23185259136853414,1.0,11789,0.965,Qlearning,contingent,,,,,
A,3,0.2907432586697975,1.0,11757,0.985,Qlearning,contingent,,,,,
A,4,0.258986885754927,1.0,11760,0.945,Qlearning,contingent,,,,,
A,5,0.31304198940341704,1.0,11810,0.97,Qlearning,contingent,,,,,
A,6,0.21452227588226305,1.0,11775,0.975,Qlearning,contingent,,,,,
A,7,0.3027855986711912,1.0,11702,0.965,Qlearning,contingent,,,,,
A,0,1.6845423603045522,0.4,16,0.525,DQN,noncontingent,,,,,
A,1,1.8452897185549442,0.43333333333333335,13,0.315,DQN,noncontingent,,,,,
A,2,1.4162966516994748,0.3,14,0.25,DQN,noncontingent,,,,,
A,3,1.7332748343131041,0.5,12,0.46,DQN,noncontingent,,,,,
A,4,1.7833041837911092,0.4,18,0.09,DQN,noncontingent,,,,,
A,5,1.7179503721740297,0.6,18,0.125,DQN,noncontingent,,,,,
A,6,1.6248424414488511,0.43333333333333335,11,0.275,DQN,noncontingent,,,,,
A,7,1.8683100361609821,0.3333333333333333,12,0.255,DQN,noncontingent,,,,,
A,0,0.23940290922131863,1.0,11758,0.985,DQN,contingent,,,,,
A,1,0.25968387045619146,1.0,11726,0.955,DQN,contingent,,,,,
A,2,0.2676541212497433,1.0,11864,0.96,DQN,contingent,,,,,
A,3,0.2611215107509354,1.0,11741,0.945,DQN,contingent,,,,,
A,4,0.3093387445193483,1.0,11706,0.955,DQN,contingent,,,,,
A,5,0.25752212791336626,1.0,11846,0.975,DQN,contingent,,,,,
A,6,0.2665684477102375,1.0,11819,0.955,DQN,contingent,,,,,
A,7,0.24343700159368192,1.0,11766,0.965,DQN,contingent,,,,,
A,0,0.30666450965740444,0.9333333333333333,47,0.04,PPO,noncontingent,,,,,
A,1,1.9347296158162106,0.4,8,0.145,PPO,noncontingent,,,,,
A,2,1.951532376322937,0.5,6,0.205,PPO,noncontingent,,,,,
A,3,1.9677161218181065,0.36666666666666664,9,0.24,PPO,noncontingent,,,,,
A,4,1.9777416619398793,0.43333333333333335,7,0.26,PPO,noncontingent,,,,,
A,5,1.36972116656063,0.6,10,0.05,PPO,noncontingent,,,,,
A,6,1.9736378509757189,0.36666666666666664,9,0.205,PPO,noncontingent,,,,,
A,7,1.975806224654379,0.36666666666666664,6,0.28,PPO,noncontingent,,,,,
A,0,0.043392906455556456,1.0,13045,1.0,PPO,contingent,,,,,
A,1,0.018165876933517643,1.0,13188,1.0,PPO,contingent,,,,,
A,2,0.07566633088647073,1.0,13056,1.0,PPO,contingent,,,,,
A,3,0.05248313129188211,1.0,13121,0.995,PPO,contingent,,,,,
A,4,0.018165876933517643,1.0,13073,1.0,PPO,contingent,,,,,
A,5,0.018165876933517643,1.0,13102,1.0,PPO,contingent,,,,,
A,6,0.054475844922315275,1.0,13124,0.995,PPO,contingent,,,,,
A,7,0.009082938466758821,1.0,13145,1.0,PPO,contingent,,,,,
A,0,1.982639867426568,0.3333333333333333,7,0.27,A2C,noncontingent,,,,,
A,1,1.9878382636182153,0.3,6,0.2,A2C,noncontingent,,,,,
A,2,1.9877654476178528,0.43333333333333335,6,0.2,A2C,noncontingent,,,,,
A,3,1.98710030118162,0.4,7,0.24,A2C,noncontingent,,,,,
A,4,1.9914741714277935,0.36666666666666664,6,0.235,A2C,noncontingent,,,,,
A,5,1.9900464052065039,0.4,8,0.235,A2C,noncontingent,,,,,
A,6,1.9904823417868855,0.36666666666666664,7,0.235,A2C,noncontingent,,,,,
A,7,1.9921182018881443,0.3,5,0.21,A2C,noncontingent,,,,,
A,0,1.984695910551008,1.0,3847,0.285,A2C,contingent,,,,,
A,1,1.985189588248088,1.0,3931,0.24,A2C,contingent,,,,,
A,2,1.9886574206147571,1.0,3742,0.225,A2C,contingent,,,,,
A,3,1.9715205185305855,1.0,4004,0.315,A2C,contingent,,,,,
A,4,1.993523558236447,1.0,3886,0.255,A2C,contingent,,,,,
A,5,1.9882652694384766,1.0,3803,0.255,A2C,contingent,,,,,
A,6,1.9853034740315358,1.0,3868,0.27,A2C,contingent,,,,,
A,7,1.9967923848664337,1.0,3802,0.27,A2C,contingent,,,,,
B,0,0.4414636490626619,0.9,71,0.865,Qlearning,,fixed,,,,
B,1,0.5438390306271098,0.8666666666666667,111,0.01,Qlearning,,fixed,,,,
B,2,0.34588299927604566,0.7,75,0.06,Qlearning,,fixed,,,,
B,3,0.3930919996233464,0.9666666666666667,80,0.985,Qlearning,,fixed,,,,
B,4,0.40246071552831736,1.0,80,0.0,Qlearning,,fixed,,,,
B,5,0.7184188264306478,0.5333333333333333,100,0.635,Qlearning,,fixed,,,,
B,6,0.5587934750841722,0.6666666666666666,68,0.045,Qlearning,,fixed,,,,
B,7,0.6487706980648904,1.0,137,0.965,Qlearning,,fixed,,,,
B,0,0.9687449486920368,1.0,51,0.02,Qlearning,,variable,,,,
B,1,0.8971436720352661,0.9666666666666667,62,0.98,Qlearning,,variable,,,,
B,2,0.9678297480076006,0.6333333333333333,102,0.445,Qlearning,,variable,,,,
B,3,0.9417606365862936,0.4666666666666667,82,0.385,Qlearning,,variable,,,,
B,4,1.1938760176374017,0.7333333333333333,77,0.01,Qlearning,,variable,,,,
B,5,0.9256641135133199,0.5666666666666667,68,0.81,Qlearning,,variable,,,,
B,6,0.783429892834793,0.8666666666666667,63,0.005,Qlearning,,variable,,,,
B,7,0.7883597770404972,0.6333333333333333,45,0.915,Qlearning,,variable,,,,
B,0,1.2004113287605822,0.8666666666666667,46,0.02,Qlearning,,random,,,,
B,1,0.7749078183853009,0.36666666666666664,52,0.015,Qlearning,,random,,,,
B,2,1.1539920428449821,0.6,66,0.34,Qlearning,,random,,,,
B,3,1.0527146388277717,0.9666666666666667,45,0.015,Qlearning,,random,,,,
B,4,0.756704696571784,0.36666666666666664,48,0.01,Qlearning,,random,,,,
B,5,0.9348542074995759,0.6666666666666666,47,0.19,Qlearning,,random,,,,
B,6,0.9944168434884822,0.5666666666666667,94,0.395,Qlearning,,random,,,,
B,7,1.3528716168173442,0.5,46,0.5,Qlearning,,random,,,,
B,0,0.30666450965740444,0.9333333333333333,47,0.04,PPO,,fixed,,,,
B,1,1.9347296158162106,0.4,8,0.145,PPO,,fixed,,,,
B,2,1.951532376322937,0.5,6,0.205,PPO,,fixed,,,,
B,3,1.9677161218181065,0.36666666666666664,9,0.24,PPO,,fixed,,,,
B,4,1.9777416619398793,0.43333333333333335,7,0.26,PPO,,fixed,,,,
B,5,1.36972116656063,0.6,10,0.05,PPO,,fixed,,,,
B,6,1.9736378509757189,0.36666666666666664,9,0.205,PPO,,fixed,,,,
B,7,1.975806224654379,0.36666666666666664,6,0.28,PPO,,fixed,,,,
B,8,1.9888681087618987,0.3333333333333333,5,0.27,PPO,,fixed,,,,
B,9,1.9890615376001108,0.3,6,0.23,PPO,,fixed,,,,
B,10,0.24438628461525572,1.0,171,0.955,PPO,,fixed,,,,
B,11,1.74179138228509,0.4666666666666667,7,0.235,PPO,,fixed,,,,
B,12,1.7903147298707112,0.4,7,0.14,PPO,,fixed,,,,
B,13,1.818648519993226,0.3333333333333333,7,0.22,PPO,,fixed,,,,
B,14,1.863339239340768,0.4666666666666667,10,0.19,PPO,,fixed,,,,
B,15,0.39265090064824154,0.9333333333333333,50,0.0,PPO,,fixed,,,,
B,16,0.6365685868903151,0.8666666666666667,41,0.025,PPO,,fixed,,,,
B,17,1.9932557647776281,0.4,5,0.265,PPO,,fixed,,,,
B,18,1.9858160568274659,0.3333333333333333,5,0.21,PPO,,fixed,,,,
B,19,1.9735548684760187,0.43333333333333335,6,0.175,PPO,,fixed,,,,
B,20,1.9649512567830325,0.3333333333333333,5,0.24,PPO,,fixed,,,,
B,21,1.9546504370471385,0.3333333333333333,6,0.36,PPO,,fixed,,,,
B,22,1.9725677455301234,0.3333333333333333,7,0.26,PPO,,fixed,,,,
B,23,1.2231251915063504,0.8333333333333334,22,0.735,PPO,,fixed,,,,
B,0,1.9760970892109238,0.36666666666666664,5,0.295,PPO,,variable,,,,
B,1,1.9835140314122968,0.36666666666666664,6,0.22,PPO,,variable,,,,
B,2,0.9500877505282469,0.8,21,0.04,PPO,,variable,,,,
B,3,1.9691826963197385,0.36666666666666664,5,0.205,PPO,,variable,,,,
B,4,1.0979095484092425,0.5666666666666667,8,0.0,PPO,,variable,,,,
B,5,1.9933948799381285,0.3333333333333333,6,0.23,PPO,,variable,,,,
B,6,1.9915225546017656,0.36666666666666664,6,0.235,PPO,,variable,,,,
B,7,1.9720865641835736,0.3333333333333333,5,0.225,PPO,,variable,,,,
B,8,1.0217523459957554,0.8333333333333334,15,0.025,PPO,,variable,,,,
B,9,0.18803477370649677,1.0,88,0.99,PPO,,variable,,,,
B,10,1.0838900099894022,0.8,23,0.02,PPO,,variable,,,,
B,11,1.9821728477594853,0.3333333333333333,5,0.23,PPO,,variable,,,,
B,12,1.9879727665265094,0.3,6,0.215,PPO,,variable,,,,
B,13,1.9480694980885278,0.3333333333333333,6,0.31,PPO,,variable,,,,
B,14,1.8738591463310492,0.43333333333333335,9,0.295,PPO,,variable,,,,
B,15,1.98762707931035,0.3,14,0.28,PPO,,variable,,,,
B,16,0.4514968063690537,0.9333333333333333,37,0.915,PPO,,variable,,,,
B,17,1.6702916876956402,0.4,7,0.315,PPO,,variable,,,,
B,18,1.8700319491697293,0.3333333333333333,8,0.105,PPO,,variable,,,,
B,19,1.8136337026299767,0.4666666666666667,6,0.055,PPO,,variable,,,,
B,20,1.994014687300843,0.3333333333333333,7,0.215,PPO,,variable,,,,
B,21,1.0631129719675467,0.7,16,0.01,PPO,,variable,,,,
B,22,1.9922778950242523,0.3,7,0.29,PPO,,variable,,,,
B,23,1.9705648225171344,0.36666666666666664,7,0.2,PPO,,variable,,,,
B,0,1.833226038501779,0.3333333333333333,6,0.185,PPO,,random,,,,
B,1,1.9635275155812377,0.3333333333333333,9,0.175,PPO,,random,,,,
B,2,1.9875595844148772,0.3333333333333333,6,0.21,PPO,,random,,,,
B,3,1.8661253391347217,0.3,6,0.35,PPO,,random,,,,
B,4,1.9878260478753815,0.36666666666666664,6,0.23,PPO,,random,,,,
B,5,1.93528984568613,0.5666666666666667,10,0.295,PPO,,random,,,,
B,6,1.4079702096566873,0.6666666666666666,12,0.535,PPO,,random,,,,
B,7,1.995231589723725,0.36666666666666664,6,0.225,PPO,,random,,,,
B,8,1.3137723640971983,0.7,16,0.765,PPO,,random,,,,
B,9,1.986279670997672,0.4,9,0.27,PPO,,random,,,,
B,10,1.9371920304804504,0.3333333333333333,7,0.2,PPO,,random,,,,
B,11,1.8070989630163432,0.5333333333333333,6,0.1,PPO,,random,,,,
B,12,1.8954787799507955,0.36666666666666664,11,0.36,PPO,,random,,,,
B,13,1.9915277184826947,0.3,6,0.255,PPO,,random,,,,
B,14,1.7372275524296081,0.43333333333333335,12,0.285,PPO,,random,,,,
B,15,0.5461933229430939,0.9,27,0.895,PPO,,random,,,,
B,16,1.9925906347412217,0.36666666666666664,5,0.205,PPO,,random,,,,
B,17,1.956665499482303,0.5333333333333333,5,0.36,PPO,,random,,,,
B,18,1.4904942945249373,0.7,6,0.355,PPO,,random,,,,
B,19,1.9880581277175147,0.4,5,0.225,PPO,,random,,,,
B,20,1.6634102813319285,0.4666666666666667,8,0.065,PPO,,random,,,,
B,21,1.862584692215258,0.43333333333333335,7,0.365,PPO,,random,,,,
B,22,1.9888369578188558,0.3333333333333333,6,0.275,PPO,,random,,,,
B,23,1.382949651803496,0.6,12,0.17,PPO,,random,,,,
C,0,0.4414636490626619,0.9,71,0.865,Qlearning,,,False,,,
C,1,0.5438390306271098,0.8666666666666667,111,0.01,Qlearning,,,False,,,
C,2,0.34588299927604566,0.7,75,0.06,Qlearning,,,False,,,
C,3,0.3930919996233464,0.9666666666666667,80,0.985,Qlearning,,,False,,,
C,4,0.40246071552831736,1.0,80,0.0,Qlearning,,,False,,,
C,5,0.7184188264306478,0.5333333333333333,100,0.635,Qlearning,,,False,,,
C,6,0.5587934750841722,0.6666666666666666,68,0.045,Qlearning,,,False,,,
C,7,0.6487706980648904,1.0,137,0.965,Qlearning,,,False,,,
C,0,0.5869254310542955,0.6,64,0.105,Qlearning,,,True,,,
C,1,0.7141484516046466,0.8666666666666667,121,0.01,Qlearning,,,True,,,
C,2,0.5959517447110039,1.0,53,0.01,Qlearning,,,True,,,
C,3,0.5637715155898729,0.6,74,0.55,Qlearning,,,True,,,
C,4,0.6858616567444142,0.9333333333333333,86,0.86,Qlearning,,,True,,,
C,5,0.6557184420496596,0.8666666666666667,92,0.205,Qlearning,,,True,,,
C,6,0.44533817865275677,0.8666666666666667,79,0.045,Qlearning,,,True,,,
C,7,0.7726850328437811,1.0,73,0.005,Qlearning,,,True,,,
C,0,0.30666450965740444,0.9333333333333333,47,0.04,PPO,,,False,,,
C,1,1.9347296158162106,0.4,8,0.145,PPO,,,False,,,
C,2,1.951532376322937,0.5,6,0.205,PPO,,,False,,,
C,3,1.9677161218181065,0.36666666666666664,9,0.24,PPO,,,False,,,
C,4,1.9777416619398793,0.43333333333333335,7,0.26,PPO,,,False,,,
C,5,1.36972116656063,0.6,10,0.05,PPO,,,False,,,
C,6,1.9736378509757189,0.36666666666666664,9,0.205,PPO,,,False,,,
C,7,1.975806224654379,0.36666666666666664,6,0.28,PPO,,,False,,,
C,8,1.9888681087618987,0.3333333333333333,5,0.27,PPO,,,False,,,
C,9,1.9890615376001108,0.3,6,0.23,PPO,,,False,,,
C,10,0.24438628461525572,1.0,171,0.955,PPO,,,False,,,
C,11,1.74179138228509,0.4666666666666667,7,0.235,PPO,,,False,,,
C,12,1.7903147298707112,0.4,7,0.14,PPO,,,False,,,
C,13,1.818648519993226,0.3333333333333333,7,0.22,PPO,,,False,,,
C,14,1.863339239340768,0.4666666666666667,10,0.19,PPO,,,False,,,
C,15,0.39265090064824154,0.9333333333333333,50,0.0,PPO,,,False,,,
C,16,0.6365685868903151,0.8666666666666667,41,0.025,PPO,,,False,,,
C,17,1.9932557647776281,0.4,5,0.265,PPO,,,False,,,
C,18,1.9858160568274659,0.3333333333333333,5,0.21,PPO,,,False,,,
C,19,1.9735548684760187,0.43333333333333335,6,0.175,PPO,,,False,,,
C,20,1.9649512567830325,0.3333333333333333,5,0.24,PPO,,,False,,,
C,21,1.9546504370471385,0.3333333333333333,6,0.36,PPO,,,False,,,
C,22,1.9725677455301234,0.3333333333333333,7,0.26,PPO,,,False,,,
C,23,1.2231251915063504,0.8333333333333334,22,0.735,PPO,,,False,,,
C,0,0.8506552998935281,0.7333333333333333,29,0.07,PPO,,,True,,,
C,1,1.950004255171157,0.36666666666666664,7,0.17,PPO,,,True,,,
C,2,1.9821974419891955,0.4666666666666667,6,0.19,PPO,,,True,,,
C,3,1.9676319479597901,0.36666666666666664,6,0.235,PPO,,,True,,,
C,4,1.8735804665385243,0.5333333333333333,9,0.355,PPO,,,True,,,
C,5,1.29775569138518,0.5666666666666667,14,0.05,PPO,,,True,,,
C,6,1.9829181247296077,0.3333333333333333,7,0.215,PPO,,,True,,,
C,7,1.7489503032567062,0.4666666666666667,10,0.25,PPO,,,True,,,
C,8,1.987859390443791,0.3333333333333333,5,0.27,PPO,,,True,,,
C,9,1.9508183787082778,0.36666666666666664,7,0.19,PPO,,,True,,,
C,10,0.2487126692513108,1.0,171,0.95,PPO,,,True,,,
C,11,1.8200180948679219,0.43333333333333335,6,0.195,PPO,,,True,,,
C,12,1.8189377741401433,0.43333333333333335,7,0.195,PPO,,,True,,,
C,13,1.9017246729304422,0.3,7,0.235,PPO,,,True,,,
C,14,1.8647962158672606,0.36666666666666664,10,0.225,PPO,,,True,,,
C,15,0.4295701698866507,0.9333333333333333,50,0.0,PPO,,,True,,,
C,16,1.048410691613629,0.8,15,0.025,PPO,,,True,,,
C,17,1.9936410343971844,0.4,5,0.26,PPO,,,True,,,
C,18,1.987585117272746,0.3333333333333333,5,0.21,PPO,,,True,,,
C,19,1.9821950726333035,0.43333333333333335,6,0.205,PPO,,,True,,,
C,20,1.527352039282582,0.5,10,0.55,PPO,,,True,,,
C,21,1.7262310440826198,0.5333333333333333,6,0.23,PPO,,,True,,,
C,22,1.9900411214318428,0.3333333333333333,7,0.27,PPO,,,True,,,
C,23,1.6586997744061456,0.7,10,0.525,PPO,,,True,,,
D,0,0.4414636490626619,0.9,71,0.865,,,,,10.0,,
D,1,0.5438390306271098,0.8666666666666667,111,0.01,,,,,10.0,,
D,2,0.34588299927604566,0.7,75,0.06,,,,,10.0,,
D,3,0.3930919996233464,0.9666666666666667,80,0.985,,,,,10.0,,
D,4,0.40246071552831736,1.0,80,0.0,,,,,10.0,,
D,5,0.7184188264306478,0.5333333333333333,100,0.635,,,,,10.0,,
D,6,0.5587934750841722,0.6666666666666666,68,0.045,,,,,10.0,,
D,7,0.6487706980648904,1.0,137,0.965,,,,,10.0,,
D,0,0.4610092736323151,0.7,125,0.035,,,,,5.0,,
D,1,0.598149794092521,1.0,87,0.01,,,,,5.0,,
D,2,0.555120398885325,0.9666666666666667,88,0.01,,,,,5.0,,
D,3,0.9430649717129693,1.0,121,0.015,,,,,5.0,,
D,4,0.5375594066351217,1.0,109,0.0,,,,,5.0,,
D,5,0.8052903404483069,1.0,128,0.04,,,,,5.0,,
D,6,0.6889876077775536,0.9666666666666667,113,0.02,,,,,5.0,,
D,7,0.5755203023426387,1.0,189,0.005,,,,,5.0,,
D,0,1.2833746288972647,0.43333333333333335,19,0.02,,,,,20.0,,
D,1,1.3273425979660352,0.6666666666666666,22,0.11,,,,,20.0,,
D,2,0.7058653571193391,0.9666666666666667,27,0.87,,,,,20.0,,
D,3,1.1274551175964889,0.5333333333333333,23,0.3,,,,,20.0,,
D,4,1.1856553484867318,0.4666666666666667,19,0.19,,,,,20.0,,
D,5,0.9841926198280293,0.4666666666666667,28,0.035,,,,,20.0,,
D,6,0.8879940663747139,0.6,22,0.4,,,,,20.0,,
D,7,1.12835850680741,0.6666666666666666,28,0.675,,,,,20.0,,
D2,0,1.2634273868151147,1.0,120,0.025,,,variable,,5.0,,
D2,1,1.528810230591958,0.5666666666666667,130,0.37,,,variable,,5.0,,
D2,2,0.8166642133360511,1.0,96,0.925,,,variable,,5.0,,
D2,3,0.7876695201019495,0.9666666666666667,119,0.83,,,variable,,5.0,,
D2,4,1.3222312157444225,0.4,81,0.295,,,variable,,5.0,,
D2,5,1.078908694841017,0.8,63,0.035,,,variable,,5.0,,
D2,6,1.172603055597293,0.8666666666666667,87,0.005,,,variable,,5.0,,
D2,7,0.8545005264593006,1.0,97,0.005,,,variable,,5.0,,
D2,0,1.2521403635175603,0.6666666666666666,80,0.405,,,random,,5.0,,
D2,1,0.8987227214027662,0.5666666666666667,86,0.12,,,random,,5.0,,
D2,2,0.9227400777350094,0.6333333333333333,134,0.025,,,random,,5.0,,
D2,3,0.976313255881681,1.0,76,0.015,,,random,,5.0,,
D2,4,0.9165076017504326,0.9333333333333333,101,0.0,,,random,,5.0,,
D2,5,0.9883622059832625,0.9666666666666667,50,0.145,,,random,,5.0,,
D2,6,0.732594006695387,1.0,149,0.005,,,random,,5.0,,
D2,7,1.3359209951985775,0.5333333333333333,62,0.04,,,random,,5.0,,
D2,0,1.2071128081803717,0.5,32,0.105,,,variable,,20.0,,
D2,1,1.2269800233603718,0.43333333333333335,30,0.48,,,variable,,20.0,,
D2,2,1.2545013529133202,0.36666666666666664,24,0.3,,,variable,,20.0,,
D2,3,0.9990153114412583,0.4,45,0.515,,,variable,,20.0,,
D2,4,1.3162710697437965,0.5,28,0.0,,,variable,,20.0,,
D2,5,1.1570173133095192,0.7333333333333333,33,0.165,,,variable,,20.0,,
D2,6,1.107986296794841,0.5666666666666667,31,0.005,,,variable,,20.0,,
D2,7,1.0788849753564704,0.5666666666666667,40,0.05,,,variable,,20.0,,
D2,0,1.4033969371940362,0.6666666666666666,34,0.02,,,random,,20.0,,
D2,1,1.358209059287439,0.4,33,0.065,,,random,,20.0,,
D2,2,1.270647920844527,0.4666666666666667,35,0.36,,,random,,20.0,,
D2,3,1.2552763617097775,0.5,26,0.045,,,random,,20.0,,
D2,4,1.0146715755299476,0.8,36,0.0,,,random,,20.0,,
D2,5,1.018757086614761,0.7,28,0.06,,,random,,20.0,,
D2,6,1.0220751850347072,0.9,27,0.85,,,random,,20.0,,
D2,7,1.4279756843466367,0.5666666666666667,28,0.03,,,random,,20.0,,
E,0,1.6845423603045522,0.4,16,0.525,,,,,,main,
E,1,1.8452897185549442,0.43333333333333335,13,0.315,,,,,,main,
E,2,1.4162966516994748,0.3,14,0.25,,,,,,main,
E,3,1.7332748343131041,0.5,12,0.46,,,,,,main,
E,4,1.7833041837911092,0.4,18,0.09,,,,,,main,
E,5,1.7179503721740297,0.6,18,0.125,,,,,,main,
E,6,1.6248424414488511,0.43333333333333335,11,0.275,,,,,,main,
E,7,1.8683100361609821,0.3333333333333333,12,0.255,,,,,,main,
E,0,1.7943245086755375,0.4,10,0.16,,,,,,buffer5000_target100,
E,1,1.8554013327779058,0.3,9,0.145,,,,,,buffer5000_target100,
E,2,1.8213583574645078,0.4,17,0.175,,,,,,buffer5000_target100,
E,3,1.7506406001748125,0.5666666666666667,10,0.385,,,,,,buffer5000_target100,
E,4,1.8775136113134017,0.3,9,0.275,,,,,,buffer5000_target100,
E,5,1.6949037315784097,0.4,10,0.29,,,,,,buffer5000_target100,
E,6,1.6966225282835654,0.36666666666666664,13,0.13,,,,,,buffer5000_target100,
E,7,1.8238328156818924,0.36666666666666664,10,0.29,,,,,,buffer5000_target100,
E,0,1.711646988073764,0.5,12,0.345,,,,,,gamma0.9,
E,1,1.4496485118219518,0.5,18,0.135,,,,,,gamma0.9,
E,2,1.2812312539796733,0.4,20,0.3,,,,,,gamma0.9,
E,3,1.373977384203617,0.7666666666666667,23,0.22,,,,,,gamma0.9,
E,4,1.5217677626508728,0.5,16,0.03,,,,,,gamma0.9,
E,5,1.6876694189097996,0.4,22,0.235,,,,,,gamma0.9,
E,6,1.4725005809916245,0.6,20,0.575,,,,,,gamma0.9,
E,7,1.6889117870177976,0.36666666666666664,17,0.105,,,,,,gamma0.9,
E,0,1.9172588500893848,0.4,5,0.3,,,,,,lr1e-3,
E,1,1.9489307839112908,0.4,6,0.145,,,,,,lr1e-3,
E,2,1.8854863871129353,0.3333333333333333,7,0.14,,,,,,lr1e-3,
E,3,1.9260827105412488,0.26666666666666666,5,0.265,,,,,,lr1e-3,
E,4,1.9153489191961846,0.36666666666666664,6,0.41,,,,,,lr1e-3,
E,5,1.9531072751549268,0.3333333333333333,6,0.26,,,,,,lr1e-3,
E,6,1.9420838338112614,0.4,7,0.25,,,,,,lr1e-3,
E,7,1.9175374977199855,0.36666666666666664,7,0.135,,,,,,lr1e-3,
F,0,0.5783852294708351,0.8,37,0.05,,noncontingent,,,,,n5_15k
F,1,1.880879640624946,0.43333333333333335,34,0.14,,noncontingent,,,,,n5_15k
F,2,1.986541249101339,0.43333333333333335,6,0.195,,noncontingent,,,,,n5_15k
F,3,1.9709446068239445,0.36666666666666664,7,0.235,,noncontingent,,,,,n5_15k
F,4,1.949525346189852,0.4666666666666667,6,0.315,,noncontingent,,,,,n5_15k
F,5,1.8129245818004207,0.5333333333333333,7,0.06,,noncontingent,,,,,n5_15k
F,6,1.9661185518845337,0.36666666666666664,9,0.21,,noncontingent,,,,,n5_15k
F,7,1.9657329080823067,0.3333333333333333,6,0.285,,noncontingent,,,,,n5_15k
F,0,0.0,1.0,14799,1.0,,contingent,,,,,n5_15k
F,1,0.0,1.0,14725,1.0,,contingent,,,,,n5_15k
F,2,0.0,1.0,14749,1.0,,contingent,,,,,n5_15k
F,3,0.009082938466758821,1.0,14844,1.0,,contingent,,,,,n5_15k
F,4,0.0,1.0,14843,1.0,,contingent,,,,,n5_15k
F,5,0.0,1.0,14780,1.0,,contingent,,,,,n5_15k
F,6,0.0,1.0,14808,1.0,,contingent,,,,,n5_15k
F,7,0.0,1.0,14757,1.0,,contingent,,,,,n5_15k
F,0,1.9882889749811348,0.36666666666666664,7,0.225,,noncontingent,,,,,n200_45k
F,1,1.990416942706084,0.3333333333333333,7,0.265,,noncontingent,,,,,n200_45k
F,2,1.9870944269983333,0.36666666666666664,6,0.24,,noncontingent,,,,,n200_45k
F,3,1.9863655569634049,0.4,7,0.205,,noncontingent,,,,,n200_45k
F,4,1.9845330464292394,0.36666666666666664,6,0.23,,noncontingent,,,,,n200_45k
F,5,1.9906274348763227,0.3333333333333333,8,0.26,,noncontingent,,,,,n200_45k
F,6,1.9844937650629944,0.26666666666666666,7,0.23,,noncontingent,,,,,n200_45k
F,7,1.990710799433422,0.36666666666666664,9,0.225,,noncontingent,,,,,n200_45k
F,0,1.2645919989719663,1.0,19397,0.705,,contingent,,,,,n200_45k
F,1,0.933077432992075,1.0,22489,0.805,,contingent,,,,,n200_45k
F,2,1.38858932155622,1.0,17849,0.68,,contingent,,,,,n200_45k
F,3,1.3043397691383762,1.0,19633,0.705,,contingent,,,,,n200_45k
F,4,0.49488911042735895,1.0,23511,0.94,,contingent,,,,,n200_45k
F,5,1.3425176712226898,1.0,18268,0.735,,contingent,,,,,n200_45k
F,6,1.0945560526881732,1.0,20645,0.76,,contingent,,,,,n200_45k
F,7,1.2595030232667956,1.0,18807,0.74,,contingent,,,,,n200_45k
